监测点编码,城市
1001A,北京
1002A,北京
1003A,北京
1004A,北京
1005A,北京
1006A,北京
1007A,北京
1008A,北京
1009A,北京
1010A,北京
1011A,北京
1012A,北京
1013A,天津
1014A,天津
1015A,天津
1016A,天津
1017A,天津
1018A,天津
1019A,天津
1020A,天津
1021A,天津
1022A,天津
1023A,天津
1024A,天津
1025A,天津
1026A,天津
1027A,天津
1028A,石家庄
1029A,石家庄
1030A,石家庄
1031A,石家庄
1032A,石家庄
1033A,石家庄
1034A,石家庄
1035A,石家庄
1036A,唐山
1037A,唐山
1038A,唐山
1039A,唐山
1040A,唐山
1041A,唐山
1042A,秦皇岛
1043A,秦皇岛
1044A,秦皇岛
1045A,秦皇岛
1046A,秦皇岛
1047A,邯郸
1048A,邯郸
1049A,邯郸
1050A,邯郸
1051A,保定
1052A,保定
1053A,保定
1054A,保定
1055A,保定
1056A,保定
1057A,张家口
1058A,张家口
1059A,张家口
1060A,张家口
1061A,张家口
1062A,承德
1063A,承德
1064A,承德
1065A,承德
1066A,承德
1067A,廊坊
1068A,廊坊
1069A,廊坊
1070A,廊坊
1071A,沧州
1072A,沧州
1073A,沧州
1074A,衡水
1075A,衡水
1076A,衡水
1077A,邢台
1078A,邢台
1079A,邢台
1080A,邢台
1081A,太原
1082A,太原
1083A,太原
1084A,太原
1085A,太原
1086A,太原
1087A,太原
1088A,太原
1089A,太原
1090A,呼和浩特
1091A,呼和浩特
1092A,呼和浩特
1093A,呼和浩特
1094A,呼和浩特
1095A,呼和浩特
1096A,呼和浩特
1097A,呼和浩特
1098A,沈阳
1099A,沈阳
1100A,沈阳
1101A,沈阳
1102A,沈阳
1103A,沈阳
1104A,沈阳
1105A,沈阳
1106A,沈阳
1107A,沈阳
1108A,沈阳
1109A,大连
1110A,大连
1111A,大连
1112A,大连
1113A,大连
1114A,大连
1115A,大连
1116A,大连
1117A,大连
1118A,大连
1119A,长春
1120A,长春
1121A,长春
1122A,长春
1123A,长春
1124A,长春
1125A,长春
1126A,长春
1127A,长春
1128A,长春
1129A,哈尔滨
1130A,哈尔滨
1131A,哈尔滨
1132A,哈尔滨
1133A,哈尔滨
1134A,哈尔滨
1135A,哈尔滨
1136A,哈尔滨
1137A,哈尔滨
1138A,哈尔滨
1139A,哈尔滨
1140A,哈尔滨
1141A,上海
1142A,上海
1143A,上海
1144A,上海
1145A,上海
1146A,上海
1147A,上海
1148A,上海
1149A,上海
1150A,上海
1151A,南京
1152A,南京
1153A,南京
1154A,南京
1155A,南京
1156A,南京
1157A,南京
1158A,南京
1159A,南京
1160A,苏州
1161A,苏州
1162A,苏州
1163A,苏州
1164A,苏州
1165A,苏州
1166A,苏州
1167A,苏州
1168A,南通
1169A,南通
1170A,南通
1171A,南通
1172A,南通
1173A,连云港
1174A,连云港
1175A,连云港
1176A,连云港
1177A,徐州
1178A,徐州
1179A,徐州
1180A,徐州
1181A,徐州
1182A,徐州
1183A,徐州
1184A,扬州
1185A,扬州
1186A,扬州
1187A,扬州
1188A,无锡
1189A,无锡
1190A,无锡
1191A,无锡
1192A,无锡
1193A,无锡
1194A,无锡
1195A,无锡
1196A,常州
1197A,常州
1198A,常州
1199A,常州
1200A,常州
1201A,常州
1202A,镇江
1203A,镇江
1204A,镇江
1205A,镇江
1206A,泰州
1207A,泰州
1208A,泰州
1209A,泰州
1210A,淮安
1211A,淮安
1212A,淮安
1213A,淮安
1214A,淮安
1215A,盐城
1216A,盐城
1217A,盐城
1218A,盐城
1219A,宿迁
1220A,宿迁
1221A,宿迁
1222A,宿迁
1223A,杭州
1224A,杭州
1225A,杭州
1226A,杭州
1227A,杭州
1228A,杭州
1229A,杭州
1230A,杭州
1231A,杭州
1232A,杭州
1233A,杭州
1234A,宁波
1235A,宁波
1236A,宁波
1237A,宁波
1238A,宁波
1239A,宁波
1240A,宁波
1241A,宁波
1242A,温州
1243A,温州
1244A,温州
1245A,温州
1246A,绍兴
1247A,绍兴
1248A,绍兴
1249A,湖州
1250A,湖州
1251A,湖州
1252A,嘉兴
1253A,嘉兴
1254A,嘉兴
1255A,台州
1256A,台州
1257A,台州
1258A,舟山
1259A,舟山
1260A,舟山
1261A,金华
1262A,金华
1263A,金华
1264A,衢州
1265A,衢州
1266A,衢州
1267A,丽水
1268A,丽水
1269A,丽水
1270A,合肥
1271A,合肥
1272A,合肥
1273A,合肥
1274A,合肥
1275A,合肥
1276A,合肥
1277A,合肥
1278A,合肥
1279A,合肥
1280A,福州
1281A,福州
1282A,福州
1283A,福州
1284A,福州
1285A,福州
1286A,厦门
1287A,厦门
1288A,厦门
1290A,南昌
1291A,南昌
1292A,南昌
1293A,南昌
1294A,南昌
1295A,南昌
1296A,南昌
1297A,南昌
1298A,南昌
1299A,济南
1300A,济南
1301A,济南
1302A,济南
1303A,济南
1304A,济南
1305A,济南
1306A,济南
1307A,青岛
1308A,青岛
1309A,青岛
1310A,青岛
1311A,青岛
1312A,青岛
1313A,青岛
1314A,青岛
1315A,青岛
1316A,郑州
1317A,郑州
1318A,郑州
1319A,郑州
1320A,郑州
1321A,郑州
1322A,郑州
1323A,郑州
1324A,郑州
1325A,武汉
1326A,武汉
1327A,武汉
1328A,武汉
1329A,武汉
1330A,武汉
1331A,武汉
1332A,武汉
1333A,武汉
1334A,武汉
1335A,长沙
1336A,长沙
1337A,长沙
1338A,长沙
1339A,长沙
1340A,长沙
1341A,长沙
1342A,长沙
1343A,长沙
1344A,长沙
1345A,广州
1346A,广州
1347A,广州
1348A,广州
1349A,广州
1350A,广州
1351A,广州
1352A,广州
1353A,广州
1354A,广州
1355A,广州
1356A,深圳
1357A,深圳
1358A,深圳
1359A,深圳
1360A,深圳
1361A,深圳
1362A,深圳
1363A,深圳
1364A,深圳
1365A,深圳
1366A,深圳
1367A,珠海
1368A,珠海
1369A,珠海
1370A,珠海
1371A,佛山
1372A,佛山
1373A,佛山
1374A,佛山
1375A,佛山
1376A,佛山
1377A,佛山
1378A,佛山
1379A,中山
1380A,中山
1381A,中山
1382A,中山
1383A,江门
1384A,江门
1385A,江门
1386A,江门
1387A,东莞
1388A,东莞
1389A,东莞
1390A,东莞
1391A,东莞
1392A,惠州
1393A,惠州
1394A,惠州
1395A,惠州
1396A,惠州
1397A,肇庆
1398A,肇庆
1399A,肇庆
1400A,肇庆
1401A,南宁
1402A,南宁
1403A,南宁
1404A,南宁
1405A,南宁
1406A,南宁
1407A,南宁
1408A,南宁
1409A,海口
1410A,海口
1411A,海口
1412A,海口
1413A,海口
1414A,重庆
1415A,重庆
1416A,重庆
1417A,重庆
1418A,重庆
1419A,重庆
1420A,重庆
1421A,重庆
1422A,重庆
1423A,重庆
1424A,重庆
1425A,重庆
1426A,重庆
1427A,重庆
1428A,重庆
1429A,重庆
1430A,重庆
1431A,成都
1432A,成都
1433A,成都
1434A,成都
1435A,成都
1436A,成都
1437A,成都
1438A,成都
1439A,贵阳
1440A,贵阳
1441A,贵阳
1442A,贵阳
1443A,贵阳
1444A,贵阳
1445A,贵阳
1446A,贵阳
1447A,贵阳
1449A,昆明
1450A,昆明
1451A,昆明
1452A,昆明
1453A,昆明
1454A,昆明
1455A,昆明
1456A,拉萨
1457A,拉萨
1458A,拉萨
1459A,拉萨
1460A,拉萨
1461A,拉萨
1462A,西安
1463A,西安
1464A,西安
1465A,西安
1466A,西安
1467A,西安
1468A,西安
1469A,西安
1470A,西安
1471A,西安
1472A,西安
1473A,西安
1474A,西安
1475A,兰州
1476A,兰州
1477A,兰州
1478A,兰州
1479A,兰州
1480A,西宁
1481A,西宁
1482A,西宁
1483A,西宁
1484A,银川
1485A,银川
1486A,银川
1487A,银川
1488A,银川
1489A,银川
1490A,乌鲁木齐
1491A,乌鲁木齐
1492A,乌鲁木齐
1493A,乌鲁木齐
1494A,乌鲁木齐
1495A,乌鲁木齐
1496A,乌鲁木齐
1508A,湘潭
1511A,湘潭
1512A,湘潭
1513A,湘潭
1514A,湘潭
1515A,株洲
1518A,株洲
1519A,株洲
1520A,株洲
1524A,株洲
1552A,贵阳
1559A,株洲
1562A,湘潭
1564A,湘潭
1585A,包头
1586A,包头
1587A,包头
1588A,包头
1589A,包头
1590A,包头
1591A,鄂尔多斯
1592A,鄂尔多斯
1593A,鄂尔多斯
1594A,鄂尔多斯
1595A,鄂尔多斯
1596A,营口
1597A,营口
1598A,营口
1599A,营口
1600A,丹东
1601A,丹东
1602A,丹东
1603A,丹东
1604A,盘锦
1605A,盘锦
1606A,盘锦
1607A,葫芦岛
1608A,葫芦岛
1609A,葫芦岛
1610A,葫芦岛
1611A,泉州
1612A,泉州
1613A,泉州
1614A,泉州
1615A,济南
1616A,济南
1617A,济南
1618A,临沂
1619A,临沂
1620A,临沂
1621A,临沂
1622A,德州
1623A,德州
1624A,德州
1625A,聊城
1626A,聊城
1627A,聊城
1628A,滨州
1629A,滨州
1630A,滨州
1631A,淄博
1632A,淄博
1633A,淄博
1634A,淄博
1635A,淄博
1636A,淄博
1637A,枣庄
1638A,枣庄
1639A,枣庄
1640A,枣庄
1641A,枣庄
1642A,烟台
1643A,烟台
1644A,烟台
1645A,烟台
1646A,烟台
1647A,烟台
1648A,潍坊
1649A,潍坊
1650A,潍坊
1651A,潍坊
1652A,潍坊
1653A,济宁
1654A,济宁
1655A,济宁
1656A,泰安
1657A,泰安
1658A,泰安
1659A,日照
1660A,日照
1661A,日照
1662A,威海
1663A,威海
1664A,威海
1665A,东营
1666A,东营
1667A,东营
1668A,东营
1669A,韶关
1670A,韶关
1671A,韶关
1672A,韶关
1673A,韶关
1674A,汕头
1675A,汕头
1676A,汕头
1677A,汕头
1678A,汕头
1679A,汕头
1680A,湛江
1681A,湛江
1682A,湛江
1683A,湛江
1684A,湛江
1685A,湛江
1686A,茂名
1687A,茂名
1688A,茂名
1689A,茂名
1690A,梅州
1691A,梅州
1692A,梅州
1693A,汕尾
1694A,汕尾
1695A,汕尾
1696A,河源
1697A,河源
1698A,河源
1699A,阳江
1700A,阳江
1701A,阳江
1702A,清远
1703A,清远
1704A,清远
1705A,潮州
1706A,潮州
1707A,潮州
1708A,揭阳
1709A,揭阳
1710A,揭阳
1711A,揭阳
1712A,云浮
1713A,云浮
1714A,云浮
1715A,玉溪
1716A,玉溪
1717A,玉溪
1718A,菏泽
1719A,菏泽
1720A,菏泽
1721A,大同
1722A,大同
1723A,大同
1724A,大同
1725A,大同
1726A,大同
1727A,长治
1728A,长治
1729A,长治
1730A,长治
1731A,长治
1732A,临汾
1733A,临汾
1734A,临汾
1735A,临汾
1736A,临汾
1737A,临汾
1738A,阳泉
1739A,阳泉
1740A,阳泉
1741A,阳泉
1742A,阳泉
1743A,阳泉
1744A,赤峰
1745A,赤峰
1746A,赤峰
1747A,赤峰
1748A,鞍山
1749A,鞍山
1750A,鞍山
1751A,鞍山
1752A,鞍山
1753A,鞍山
1754A,鞍山
1755A,抚顺
1756A,抚顺
1757A,抚顺
1758A,抚顺
1759A,抚顺
1760A,抚顺
1761A,本溪
1762A,本溪
1763A,本溪
1764A,本溪
1765A,本溪
1766A,本溪
1767A,锦州
1768A,锦州
1769A,锦州
1770A,锦州
1771A,锦州
1772A,吉林
1773A,吉林
1774A,吉林
1775A,吉林
1776A,吉林
1778A,吉林
1779A,齐齐哈尔
1780A,齐齐哈尔
1781A,齐齐哈尔
1782A,齐齐哈尔
1783A,齐齐哈尔
1784A,牡丹江
1785A,牡丹江
1786A,牡丹江
1787A,牡丹江
1788A,牡丹江
1789A,大庆
1790A,大庆
1791A,大庆
1792A,大庆
1793A,大庆
1794A,芜湖
1795A,芜湖
1796A,芜湖
1797A,芜湖
1798A,马鞍山
1799A,马鞍山
1800A,马鞍山
1801A,马鞍山
1802A,马鞍山
1803A,九江
1804A,九江
1805A,九江
1806A,九江
1807A,九江
1808A,九江
1809A,九江
1810A,九江
1811A,洛阳
1812A,洛阳
1813A,洛阳
1814A,洛阳
1815A,洛阳
1816A,洛阳
1817A,洛阳
1818A,安阳
1819A,安阳
1820A,安阳
1821A,安阳
1822A,安阳
1823A,开封
1824A,开封
1825A,开封
1826A,开封
1827A,焦作
1828A,焦作
1829A,焦作
1830A,焦作
1831A,平顶山
1832A,平顶山
1833A,平顶山
1834A,平顶山
1835A,三门峡
1836A,三门峡
1837A,三门峡
1838A,三门峡
1839A,宜昌
1840A,宜昌
1841A,宜昌
1842A,宜昌
1843A,宜昌
1844A,荆州
1845A,荆州
1846A,荆州
1847A,岳阳
1848A,岳阳
1849A,岳阳
1850A,岳阳
1851A,岳阳
1852A,岳阳
1853A,常德
1854A,常德
1855A,常德
1856A,常德
1857A,常德
1858A,张家界
1859A,张家界
1860A,张家界
1861A,张家界
1862A,桂林
1863A,桂林
1864A,桂林
1865A,桂林
1866A,北海
1867A,北海
1868A,北海
1869A,北海
1870A,柳州
1871A,柳州
1872A,柳州
1873A,柳州
1874A,柳州
1875A,柳州
1876A,三亚
1877A,三亚
1878A,绵阳
1879A,绵阳
1880A,绵阳
1881A,绵阳
1882A,宜宾
1883A,宜宾
1884A,宜宾
1885A,宜宾
1886A,宜宾
1887A,宜宾
1888A,攀枝花
1889A,攀枝花
1890A,攀枝花
1891A,攀枝花
1893A,泸州
1894A,泸州
1895A,泸州
1896A,泸州
1897A,自贡
1898A,自贡
1899A,自贡
1900A,自贡
1901A,德阳
1902A,德阳
1903A,德阳
1904A,德阳
1905A,南充
1906A,南充
1907A,南充
1908A,南充
1909A,南充
1910A,南充
1911A,遵义
1912A,遵义
1913A,遵义
1914A,遵义
1915A,遵义
1916A,曲靖
1917A,曲靖
1918A,咸阳
1919A,咸阳
1920A,咸阳
1921A,咸阳
1922A,铜川
1923A,铜川
1924A,铜川
1925A,铜川
1926A,延安
1927A,延安
1928A,延安
1929A,延安
1930A,宝鸡
1931A,宝鸡
1932A,宝鸡
1933A,宝鸡
1934A,宝鸡
1935A,宝鸡
1936A,宝鸡
1937A,宝鸡
1938A,渭南
1939A,渭南
1940A,渭南
1941A,渭南
1942A,金昌
1943A,金昌
1944A,金昌
1945A,嘉峪关
1947A,石嘴山
1948A,石嘴山
1949A,石嘴山
1950A,石嘴山
1951A,克拉玛依
1952A,克拉玛依
1953A,克拉玛依
1954A,克拉玛依
1955A,克拉玛依
1956A,巴音郭楞州
1957A,巴音郭楞州
1958A,巴音郭楞州
1959A,寿光
1960A,寿光
1961A,济南
1961A,章丘
1962A,章丘
1963A,即墨
1964A,即墨
1965A,胶南
1966A,青岛
1966A,胶南
1967A,胶州
1968A,胶州
1969A,莱西
1970A,莱西
1971A,平度
1972A,平度
1973A,蓬莱
1974A,蓬莱
1975A,招远
1976A,招远
1977A,莱州
1978A,莱州
1979A,荣成
1980A,荣成
1981A,文登
1982A,威海
1983A,乳山
1984A,乳山
1985A,吴江
1986A,吴江
1987A,吴江
1988A,昆山
1989A,昆山
1990A,常熟
1991A,常熟
1992A,常熟
1993A,张家港
1994A,张家港
1995A,太仓
1996A,太仓
1997A,句容
1998A,句容
1999A,江阴
2000A,江阴
2001A,江阴
2002A,宜兴
2003A,宜兴
2004A,金坛
2005A,金坛
2006A,溧阳
2007A,溧阳
2008A,海门
2009A,海门
2010A,临安
2011A,临安
2012A,富阳
2013A,富阳
2014A,义乌
2015A,义乌
2016A,诸暨
2017A,诸暨
2018A,瓦房店
2019A,瓦房店
2031A,株洲
2054A,信阳
2064A,信阳
2065A,信阳
2066A,信阳
2067A,周口
2068A,周口
2069A,周口
2070A,周口
2073A,漳州
2074A,漳州
2075A,漳州
2160A,晋城
2161A,晋城
2162A,晋城
2163A,晋城
2164A,晋城
2165A,晋城
2166A,朔州
2167A,朔州
2168A,朔州
2169A,朔州
2170A,朔州
2171A,晋中
2172A,晋中
2173A,晋中
2174A,晋中
2175A,运城
2176A,运城
2177A,运城
2178A,运城
2179A,运城
2180A,忻州
2181A,忻州
2182A,忻州
2183A,吕梁
2184A,吕梁
2185A,吕梁
2186A,乌海
2187A,乌海
2188A,乌海
2189A,通辽
2190A,通辽
2191A,通辽
2192A,呼伦贝尔
2193A,呼伦贝尔
2194A,巴彦淖尔
2195A,巴彦淖尔
2196A,巴彦淖尔
2197A,乌兰察布
2198A,乌兰察布
2199A,兴安盟
2200A,兴安盟
2201A,兴安盟
2202A,锡林郭勒盟
2203A,锡林郭勒盟
2204A,阿拉善盟
2205A,阿拉善盟
2206A,阿拉善盟
2207A,阜新
2208A,阜新
2209A,阜新
2210A,阜新
2211A,阜新
2212A,辽阳
2213A,辽阳
2214A,辽阳
2215A,辽阳
2216A,铁岭
2217A,铁岭
2218A,铁岭
2219A,铁岭
2220A,朝阳
2221A,朝阳
2222A,朝阳
2223A,朝阳
2224A,四平
2225A,四平
2226A,四平
2227A,辽源
2228A,辽源
2229A,通化
2230A,通化
2231A,白山
2232A,白山
2233A,松原
2234A,松原
2235A,白城
2236A,白城
2237A,延边朝鲜族自治州
2238A,延边朝鲜族自治州
2239A,延边朝鲜族自治州
2240A,鸡西
2241A,鸡西
2242A,鸡西
2243A,鸡西
2244A,鹤岗
2245A,鹤岗
2246A,鹤岗
2247A,鹤岗
2248A,双鸭山
2249A,双鸭山
2250A,双鸭山
2251A,双鸭山
2252A,伊春
2253A,伊春
2254A,伊春
2255A,佳木斯
2256A,佳木斯
2257A,佳木斯
2258A,佳木斯
2259A,佳木斯
2260A,七台河
2261A,七台河
2262A,七台河
2263A,黑河
2264A,黑河
2265A,黑河
2266A,绥化
2267A,绥化
2268A,大兴安岭地区
2269A,大兴安岭地区
2270A,蚌埠
2271A,蚌埠
2272A,蚌埠
2273A,蚌埠
2274A,蚌埠
2275A,蚌埠
2276A,淮南
2277A,淮南
2278A,淮南
2279A,淮南
2280A,淮南
2281A,淮南
2282A,淮北
2283A,淮北
2284A,淮北
2285A,铜陵
2286A,铜陵
2287A,铜陵
2288A,铜陵
2289A,铜陵
2290A,铜陵
2291A,安庆
2292A,安庆
2293A,安庆
2294A,安庆
2295A,黄山
2296A,黄山
2297A,黄山
2298A,滁州
2299A,滁州
2300A,滁州
2301A,阜阳
2302A,阜阳
2303A,阜阳
2304A,宿州
2305A,宿州
2306A,宿州
2307A,六安
2308A,六安
2309A,六安
2310A,六安
2311A,亳州
2312A,亳州
2313A,池州
2314A,池州
2315A,池州
2316A,宣城
2317A,宣城
2318A,宣城
2319A,莆田
2320A,莆田
2321A,莆田
2322A,莆田
2323A,莆田
2324A,三明
2325A,三明
2326A,三明
2327A,三明
2331A,南平
2332A,南平
2333A,南平
2334A,南平
2335A,龙岩
2336A,龙岩
2337A,龙岩
2338A,龙岩
2339A,宁德
2340A,宁德
2341A,宁德
2342A,景德镇
2343A,景德镇
2344A,景德镇
2345A,景德镇
2346A,景德镇
2347A,萍乡
2348A,萍乡
2349A,萍乡
2350A,萍乡
2351A,萍乡
2352A,新余
2353A,新余
2354A,新余
2355A,新余
2356A,新余
2357A,鹰潭
2358A,鹰潭
2359A,鹰潭
2360A,鹰潭
2361A,鹰潭
2362A,赣州
2363A,赣州
2364A,赣州
2365A,赣州
2366A,赣州
2367A,吉安
2368A,吉安
2369A,吉安
2370A,吉安
2371A,宜春
2372A,宜春
2373A,宜春
2374A,宜春
2375A,宜春
2376A,抚州
2377A,抚州
2378A,抚州
2379A,抚州
2380A,抚州
2381A,上饶
2382A,上饶
2383A,上饶
2384A,上饶
2385A,鹤壁
2386A,鹤壁
2387A,鹤壁
2388A,新乡
2389A,新乡
2390A,新乡
2391A,新乡
2392A,濮阳
2393A,濮阳
2394A,濮阳
2395A,濮阳
2396A,许昌
2397A,许昌
2398A,许昌
2399A,漯河
2400A,漯河
2401A,漯河
2402A,漯河
2403A,南阳
2404A,南阳
2405A,南阳
2406A,南阳
2407A,南阳
2408A,商丘
2409A,商丘
2410A,商丘
2411A,商丘
2420A,驻马店
2421A,驻马店
2422A,驻马店
2423A,黄石
2424A,黄石
2425A,黄石
2426A,黄石
2427A,黄石
2428A,十堰
2429A,十堰
2430A,十堰
2431A,十堰
2432A,襄阳
2433A,襄阳
2434A,襄阳
2435A,襄阳
2436A,鄂州
2437A,鄂州
2438A,鄂州
2439A,荆门
2440A,荆门
2441A,荆门
2442A,荆门
2443A,孝感
2444A,孝感
2445A,黄冈
2446A,黄冈
2447A,咸宁
2448A,咸宁
2449A,咸宁
2450A,咸宁
2451A,随州
2452A,随州
2453A,随州
2454A,恩施土家族苗族自治州
2455A,恩施土家族苗族自治州
2456A,衡阳
2457A,衡阳
2458A,衡阳
2459A,衡阳
2460A,衡阳
2461A,衡阳
2462A,邵阳
2463A,邵阳
2464A,邵阳
2465A,邵阳
2466A,邵阳
2467A,益阳
2468A,益阳
2469A,益阳
2470A,益阳
2471A,益阳
2472A,郴州
2473A,郴州
2474A,郴州
2475A,郴州
2476A,郴州
2477A,永州
2478A,永州
2479A,永州
2480A,永州
2481A,永州
2482A,怀化
2483A,怀化
2484A,怀化
2485A,怀化
2486A,怀化
2487A,娄底
2488A,娄底
2489A,娄底
2490A,娄底
2491A,娄底
2492A,湘西州
2493A,湘西州
2494A,湘西州
2495A,梧州
2496A,梧州
2497A,梧州
2498A,梧州
2499A,防城港
2500A,防城港
2501A,防城港
2502A,钦州
2503A,钦州
2504A,钦州
2505A,贵港
2506A,贵港
2507A,贵港
2508A,贵港
2509A,玉林
2510A,玉林
2511A,玉林
2512A,百色
2513A,百色
2514A,贺州
2515A,贺州
2516A,河池
2517A,河池
2518A,河池
2519A,来宾
2520A,来宾
2521A,崇左
2522A,崇左
2523A,广元
2524A,广元
2525A,广元
2526A,广元
2527A,遂宁
2528A,遂宁
2529A,遂宁
2530A,遂宁
2531A,内江
2532A,内江
2533A,内江
2534A,内江
2535A,乐山
2536A,乐山
2537A,乐山
2538A,乐山
2539A,眉山
2540A,眉山
2541A,眉山
2542A,眉山
2543A,广安
2544A,广安
2545A,广安
2546A,广安
2547A,广安
2548A,达州
2549A,达州
2550A,达州
2551A,达州
2552A,达州
2553A,雅安
2554A,雅安
2555A,雅安
2556A,雅安
2557A,巴中
2558A,巴中
2559A,巴中
2560A,巴中
2561A,资阳
2562A,资阳
2563A,资阳
2564A,资阳
2565A,资阳
2566A,阿坝藏族羌族自治州
2567A,阿坝藏族羌族自治州
2568A,阿坝藏族羌族自治州
2569A,甘孜州
2570A,甘孜藏族自治州
2571A,凉山彝族自治州
2572A,凉山彝族自治州
2573A,凉山彝族自治州
2574A,凉山彝族自治州
2575A,凉山彝族自治州
2576A,六盘水
2577A,六盘水
2578A,六盘水
2579A,六盘水
2580A,六盘水
2581A,安顺
2582A,安顺
2583A,安顺
2584A,安顺
2585A,铜仁地区
2586A,铜仁地区
2587A,毕节
2588A,毕节
2589A,黔西南布依族苗族自治州
2590A,黔西南布依族苗族自治州
2591A,黔东南苗族侗族自治州
2592A,黔东南州
2593A,黔南布依族苗族自治州
2594A,保山
2595A,保山
2596A,昭通
2597A,昭通
2598A,丽江
2599A,丽江
2600A,丽江
2601A,普洱
2602A,普洱
2603A,临沧
2604A,临沧
2605A,楚雄州
2606A,楚雄州
2607A,红河州
2608A,红河州
2609A,红河州
2610A,文山州
2611A,文山州
2612A,西双版纳州
2613A,西双版纳州
2614A,大理州
2615A,大理州
2616A,德宏州
2617A,德宏州
2618A,怒江州
2619A,怒江州
2620A,迪庆州
2621A,迪庆州
2622A,昌都
2623A,昌都
2624A,山南
2625A,山南
2626A,日喀则
2627A,日喀则
2628A,那曲地区
2629A,那曲
2630A,阿里地区
2631A,阿里地区
2632A,林芝
2633A,林芝
2634A,汉中
2635A,汉中
2636A,汉中
2637A,汉中
2638A,榆林
2639A,榆林
2640A,榆林
2641A,榆林
2642A,安康
2643A,安康
2644A,安康
2645A,商洛
2646A,商洛
2647A,白银
2648A,白银
2649A,天水
2650A,天水
2651A,天水
2652A,武威
2653A,武威
2654A,张掖
2655A,张掖
2656A,平凉
2657A,平凉
2658A,酒泉
2659A,酒泉
2660A,庆阳
2661A,庆阳
2662A,庆阳
2663A,定西
2664A,定西
2665A,陇南
2666A,陇南
2667A,临夏回族自治州
2668A,临夏回族自治州
2669A,甘南州
2670A,海东地区
2671A,海北藏族自治州
2672A,黄南藏族自治州
2673A,海南藏族自治州
2674A,果洛藏族自治州
2675A,玉树藏族自治州
2676A,海西蒙古族藏族自治州
2677A,吴忠
2678A,吴忠
2679A,吴忠
2680A,中卫
2681A,中卫
2682A,中卫
2683A,固原
2684A,固原
2685A,固原
2686A,吐鲁番地区
2687A,吐鲁番地区
2688A,哈密地区
2689A,哈密地区
2690A,昌吉州
2691A,昌吉州
2692A,昌吉州
2693A,博尔塔拉蒙古自治州
2694A,博尔塔拉蒙古自治州
2695A,阿克苏地区
2696A,阿克苏地区
2697A,克孜勒苏柯尔克孜自治州
2698A,喀什地区
2699A,喀什地区
2700A,喀什地区
2701A,和田地区
2702A,和田地区
2703A,伊犁哈萨克州
2704A,伊犁哈萨克州
2705A,伊犁哈萨克州
2706A,塔城地区
2707A,阿勒泰地区
2708A,阿勒泰地区
2709A,石河子
2710A,石河子
2711A,五家渠
2835A,攀枝花
2842A,厦门
2845A,长治
2846A,广州
2858A,天津
2859A,天津
2860A,天津
2862A,石家庄
2865A,晋中
2866A,运城
2867A,吕梁
2868A,吉林
2869A,扬州
2870A,镇江
2871A,宁波
2872A,嘉兴
2873A,湖州
2874A,淮南
2875A,阜阳
2876A,潍坊
2877A,潍坊
2878A,聊城
2880A,成都
2881A,黔东南苗族侗族自治州
2882A,玉溪
2883A,玉溪
2884A,嘉峪关
2885A,陇南
2894A,淮南
2897A,沈阳
2900A,沈阳
2902A,广安
2907A,湖州
2914A,巴中
2915A,巴中
2916A,池州
2919A,廊坊
2920A,漳州
2921A,绍兴
2922A,天津
2923A,大同
2924A,银川
2925A,银川
2926A,银川
2929A,黄冈
2994A,金华
2996A,宿迁
2997A,泰州
2998A,连云港
2999A,连云港
3000A,连云港
3002A,常州
3003A,常州
3004A,盐城
3005A,徐州
3006A,徐州
3007A,连云港
3008A,连云港
3009A,连云港
3010A,常州
3012A,荆门
3014A,重庆
3015A,重庆
3016A,重庆
3018A,临汾
3019A,三沙
3020A,天津
3021A,濮阳
3022A,洛阳
3025A,清远
3026A,潮州
3027A,自贡
3028A,自贡
3033A,乌鲁木齐
3034A,乌兰察布
3035A,兴安盟
3036A,东营
3038A,红河州
3039A,三门峡
3045A,商洛
3046A,南昌
3048A,福州
3051A,天津
3054A,新乡
3055A,西宁
3057A,烟台
3058A,赤峰
3059A,济南
3061A,呼伦贝尔
3064A,济南
3065A,甘孜藏族自治州
3066A,德州
3109A,赣州
3122A,安顺
3123A,安顺
3124A,安顺
3125A,安顺
3128A,那曲地区
3129A,海东地区
3131A,张家口
3132A,秦皇岛
3133A,重庆
3134A,许昌
3136A,成都
3137A,眉山
3138A,常德
3139A,常德
3140A,常德
3141A,安阳
3147A,开封
3148A,眉山
3149A,黄石
3151A,宜春
3153A,武汉
3164A,扬州
3165A,咸阳
3169A,焦作
3170A,金昌
3171A,商丘
3173A,安庆
3178A,潍坊
3179A,昆明
3180A,迪庆州
3182A,巴中
3183A,巴中
3184A,哈尔滨
3185A,太原
3186A,兰州
3187A,宿州
3188A,衡水
3190A,九江
3191A,宿迁
3192A,阿里地区
3194A,荆州
3195A,扬州
3200A,聊城
3201A,武威
3204A,平顶山
3206A,新余
3207A,滁州
3208A,忻州
3209A,宁德
3210A,开封
3216A,漳州
3237A,池州
3238A,芜湖
3239A,辽源
3241A,兰州
3242A,兰州
3245A,兰州新区
3246A,兰州新区
3247A,陇南
3248A,嘉峪关
3265A,上海
3266A,上海
3268A,上海
3269A,上海
3270A,上海
3271A,上海
3272A,上海
3273A,上海
3274A,上海
3281A,北京
3282A,大同
3283A,包头
3284A,乌海
3285A,乌兰察布
3286A,赤峰
3287A,镇江
3288A,徐州
3289A,苏州
3290A,苏州
3291A,南通
3293A,盐城
3294A,扬州
3295A,泰州
3298A,广州
3299A,广州
3300A,广州
3301A,广州
3302A,广州
3303A,广州
3304A,广州
3305A,深圳
3306A,深圳
3307A,深圳
3308A,珠海
3311A,江门
3313A,肇庆
3314A,惠州
3315A,梅州
3317A,阳江
3318A,清远
3319A,东莞
3320A,揭阳
3323A,张家口
3324A,沧州
3325A,天津
3326A,天津
3327A,天津
3328A,芜湖
3329A,淮南
3330A,淮北
3331A,滁州
3332A,亳州
3333A,池州
3334A,池州
3335A,焦作
3336A,焦作
3337A,许昌
3338A,许昌
3339A,驻马店
3340A,洛阳
3341A,洛阳
3342A,伊春
3343A,伊春
3344A,伊春
3345A,七台河
3346A,重庆
3347A,重庆
3348A,重庆
3349A,重庆
3350A,重庆
3351A,重庆
3352A,重庆
3353A,重庆
3354A,重庆
3355A,重庆
3356A,重庆
3357A,成都
3358A,成都
3359A,成都
3360A,自贡
3361A,乐山
3362A,青岛
3363A,淄博
3364A,枣庄
3365A,东营
3366A,烟台
3368A,潍坊
3369A,临沂
3370A,临沂
3371A,德州
3372A,德州
3374A,菏泽
3375A,昆明
3376A,曲靖
3377A,曲靖
3378A,营口
3379A,营口
3380A,甘南州
3396A,襄阳
3397A,襄阳
3398A,黄冈
3399A,衡阳
3400A,北海
3401A,南宁
3402A,柳州
3403A,桂林
3404A,钦州
3405A,贵港
3406A,百色
3407A,嘉兴
3408A,绍兴
3409A,绍兴
3410A,绍兴
3411A,绍兴
3413A,上饶
3414A,赣江新区
3415A,宜春
3416A,潍坊
3417A,北京
3418A,北京
3419A,包头
3421A,乌兰察布
3422A,南京
3423A,南京
3424A,南京
3425A,苏州
3426A,淮安
3427A,南京
3428A,无锡
3429A,常州
3430A,常州
3431A,苏州
3432A,南通
3434A,连云港
3435A,泰州
3436A,盐城
3437A,乌鲁木齐
3438A,乌鲁木齐
3439A,乌鲁木齐
3440A,乌鲁木齐
3441A,五家渠
3442A,石河子
3443A,广州
3444A,汕头
3445A,广州
3446A,广州
3447A,深圳
3448A,珠海
3449A,江门
3450A,茂名
3451A,肇庆
3452A,惠州
3453A,阳江
3454A,中山
3455A,清远
3456A,石家庄
3457A,唐山
3458A,邯郸
3459A,衡水
3460A,天津
3461A,天津
3462A,天津
3463A,宿州
3464A,合肥
3465A,芜湖
3466A,芜湖
3468A,阜阳
3469A,阜阳
3470A,宣城
3471A,郑州
3473A,开封
3474A,鹤壁
3475A,新乡
3476A,新乡
3477A,焦作
3478A,漯河
3479A,漯河
3480A,伊春
3481A,大庆
3482A,重庆
3483A,重庆
3484A,重庆
3485A,重庆
3486A,四平
3487A,成都
3488A,成都
3489A,成都
3490A,泸州
3491A,绵阳
3492A,绵阳
3494A,济南
3495A,济南
3496A,临沂
3498A,东营
3500A,济宁
3501A,济宁
3502A,泰安
3503A,泰安
3504A,泰安
3505A,威海
3507A,日照
3511A,德州
3512A,聊城
3513A,聊城
3514A,滨州
3515A,滨州
3516A,滨州
3520A,石嘴山
3521A,石嘴山
3522A,固原
3523A,银川
3524A,西安
3525A,咸阳
3526A,福州
3527A,厦门
3528A,厦门
3529A,泉州
3530A,漳州
3531A,桂林
3532A,玉林
3533A,玉林
3534A,贺州
3535A,来宾
3536A,遵义
3537A,毕节
3538A,黔南布依族苗族自治州
3539A,海口
3540A,三亚
3541A,儋州
3542A,儋州
3543A,三沙
3544A,上海
3545A,十堰
3546A,宜昌
3547A,荆门
3548A,荆州
3549A,恩施土家族苗族自治州
3550A,昆明
3551A,昆明
3552A,昆明
3557A,杭州
3558A,杭州
3560A,绍兴
3561A,温州
3562A,湖州
3564A,台州
3565A,大同
3566A,大同
3567A,大同
3568A,长治
3569A,长治
3570A,长治
3571A,朔州
3572A,石家庄
3573A,石家庄
3574A,石家庄
3575A,唐山
3576A,唐山
3577A,唐山
3578A,唐山
3579A,邯郸
3580A,邯郸
3581A,保定
3582A,保定
3583A,保定
3584A,雄安新区
3585A,雄安新区
3586A,雄安新区
3587A,雄安新区
3588A,雄安新区
3589A,雄安新区
3590A,郑州
3591A,郑州
3592A,开封
3593A,洛阳
3594A,平顶山
3596A,鹤壁
3597A,许昌
3598A,三门峡
3599A,重庆
3600A,重庆
3601A,重庆
3604A,日照
3605A,西安
3606A,西咸新区
3607A,西咸新区
3608A,西咸新区
3610A,重庆
3612A,克拉玛依
3613A,昌吉州
3614A,和田地区
3615A,和田地区
3616A,巴中
3617A,广元
3618A,太原
3619A,阳泉
3620A,晋城
3621A,乌海
3622A,韶关
3623A,深圳
3624A,汕头
3625A,佛山
3626A,东莞
3627A,东莞
3628A,云浮
3629A,西宁
3630A,西宁
3631A,石家庄
3633A,马鞍山
3634A,宿州
3635A,洛阳
3636A,洛阳
3637A,七台河
3638A,自贡
3639A,德阳
3642A,青岛
3643A,青岛
3644A,淄博
3645A,淄博
3646A,东营
3647A,菏泽
3648A,吴忠
3650A,中卫
3651A,铜川
3652A,延安
3653A,宜昌
3654A,鄂州
3655A,咸宁
3656A,杭州
3658A,绍兴
3659A,金华
3661A,太原
3662A,齐齐哈尔
3663A,大兴安岭地区
3664A,连云港
3665A,克孜勒苏柯尔克孜自治州
3667A,运城
3668A,临汾
3669A,安阳
3670A,运城
3671A,北京
3672A,北京
3673A,北京
3674A,北京
3675A,北京
3676A,大同
3677A,德宏州
3678A,济宁
3682A,济南
3683A,包头
3684A,七台河
3685A,上饶
3689A,新乡
3690A,南昌
3692A,唐山
3693A,唐山
3694A,北京
3695A,北京
3696A,北京
3697A,北京
3698A,呼和浩特
3699A,呼和浩特
3700A,雅安
3701A,宿州
3703A,安阳
3706A,通辽
3707A,鸡西
3708A,通辽
3709A,鸡西
3710A,宁波
3713A,四平
3715A,蚌埠
3719A,昌都
3726A,日喀则
3728A,宜宾
3734A,东营
